name,email,password,phone,birthday
ViVi,ViVi@gmail.com,12345,0387451318,2001-07-03
Vi1,Vi1@gmail.com,12346,0387451319,2001-07-04
Vi2,Vi2@gmail.com,12347,0387451320,2001-07-05
Vi3,Vi3@gmail.com,12348,0387451321,2001-07-06
Vi4,Vi4@gmail.com,12349,0387451322,2001-07-07
Vi5,Vi5@gmail.com,12350,0387451323,2001-07-08
Vi6,Vi6@gmail.com,12351,0387451324,2001-07-09
Vi7,Vi7@gmail.com,12352,0387451325,2001-07-10
Vi8,Vi8@gmail.com,12353,0387451326,2001-07-11
Vi9,Vi9@gmail.com,12354,0387451327,2001-07-12
Vi10,Vi10@gmail.com,12355,0387451328,2001-07-13
Vi11,Vi11@gmail.com,12356,0387451329,2001-07-14
Vi12,Vi12@gmail.com,12357,0387451330,2001-07-15
Vi13,Vi13@gmail.com,12358,0387451331,2001-07-16
Vi14,Vi14@gmail.com,12359,0387451332,2001-07-17
Vi15,Vi15@gmail.com,12360,0387451333,2001-07-18
Vi16,Vi16@gmail.com,12361,0387451334,2001-07-19
Vi17,Vi17@gmail.com,12362,0387451335,2001-07-20
Vi18,Vi18@gmail.com,12363,0387451336,2001-07-21
Vi19,Vi19@gmail.com,12364,0387451337,2001-07-22
Vi20,Vi20@gmail.com,12365,0387451338,2001-07-23
Vi21,Vi21@gmail.com,12366,0387451339,2001-07-24
Vi22,Vi22@gmail.com,12367,0387451340,2001-07-25
Vi23,Vi23@gmail.com,12368,0387451341,2001-07-26
Vi24,Vi24@gmail.com,12369,0387451342,2001-07-27
Vi25,Vi25@gmail.com,12370,0387451343,2001-07-28
Vi26,Vi26@gmail.com,12371,0387451344,2001-07-29
Vi27,Vi27@gmail.com,12372,0387451345,2001-07-30
Vi28,Vi28@gmail.com,12373,0387451346,2001-07-31
Vi29,Vi29@gmail.com,12374,0387451347,2001-08-01
Vi30,Vi30@gmail.com,12375,0387451348,2001-08-02
Vi31,Vi31@gmail.com,12376,0387451349,2001-08-03
Vi32,Vi32@gmail.com,12377,0387451350,2001-08-04
Vi33,Vi33@gmail.com,12378,0387451351,2001-08-05
Vi34,Vi34@gmail.com,12379,0387451352,2001-08-06
Vi35,Vi35@gmail.com,12380,0387451353,2001-08-07
Vi36,Vi36@gmail.com,12381,0387451354,2001-08-08
Vi37,Vi37@gmail.com,12382,0387451355,2001-08-09
Vi38,Vi38@gmail.com,12383,0387451356,2001-08-10
Vi39,Vi39@gmail.com,12384,0387451357,2001-08-11
Vi40,Vi40@gmail.com,12385,0387451358,2001-08-12
Vi41,Vi41@gmail.com,12386,0387451359,2001-08-13
Vi42,Vi42@gmail.com,12387,0387451360,2001-08-14
Vi43,Vi43@gmail.com,12388,0387451361,2001-08-15
Vi44,Vi44@gmail.com,12389,0387451362,2001-08-16
Vi45,Vi45@gmail.com,12390,0387451363,2001-08-17
Vi46,Vi46@gmail.com,12391,0387451364,2001-08-18
Vi47,Vi47@gmail.com,12392,0387451365,2001-08-19
Vi48,Vi48@gmail.com,12393,0387451366,2001-08-20
Vi49,Vi49@gmail.com,12394,0387451367,2001-08-21
Vi50,Vi50@gmail.com,12395,0387451368,2001-08-22
Vi51,Vi51@gmail.com,12396,0387451369,2001-08-23
Vi52,Vi52@gmail.com,12397,0387451370,2001-08-24
Vi53,Vi53@gmail.com,12398,0387451371,2001-08-25
Vi54,Vi54@gmail.com,12399,0387451372,2001-08-26
Vi55,Vi55@gmail.com,12400,0387451373,2001-08-27
Vi56,Vi56@gmail.com,12401,0387451374,2001-08-28
Vi57,Vi57@gmail.com,12402,0387451375,2001-08-29
Vi58,Vi58@gmail.com,12403,0387451376,2001-08-30
Vi59,Vi59@gmail.com,12404,0387451377,2001-08-31
